Sr no.,Bird,Scientific,Info,Primary,Secondary,Flight,Zone,digits,ImageBird
1,Bald Eagle,Haliaeetus leucocephalus,The bald eagle is a majestic bird of prey known for its white head and powerful flight.,Brown,White,Yes,Forest,3,bald
2,Peregrine Falcon,Falco peregrinus,"The peregrine falcon is the fastest bird in the world, reaching speeds of up to 240 mph while diving for prey.",Blue-gray,Black,Yes,Urban,4,peregrine
3,Scarlet Macaw,Ara macao,The scarlet macaw is a vibrant and colorful parrot native to the tropical rainforests of South America.,Red,Blue,Yes,Rainforest,4,scarlet
4,Penguin,Spheniscidae family,"Penguins are flightless birds that are highly adapted to life in the water, where they are excellent swimmers.",Black,White,No,Polar,3,penguin
5,American Robin,Turdus migratorius,The American robin is a common songbird known for its cheerful springtime song.,Red,Gray,Yes,Suburban,4,american
6,Blue Jay,Cyanocitta cristata,"Blue jays are intelligent and noisy birds found in North America, known for their striking blue plumage.",Blue,White,Yes,Forest,3,blue
7,Toucan,Ramphastidae family,"Toucans are tropical birds with large, colorful bills that are found in Central and South America.",Black,Yellow,Yes,Rainforest,3,toucan
8,Barn Owl,Tyto alba,Barn owls are nocturnal birds of prey known for their heart-shaped facial disks and silent flight.,White,Brown,Yes,Rural,3,barn
9,Mallard Duck,Anas platyrhynchos,Mallard ducks are common waterfowl known for their distinctive green heads and quacking calls.,Green,Brown,Yes,Wetland,4,mallard
10,Snowy Owl,Bubo scandiacus,"Snowy owls are large, white owls that inhabit the Arctic tundra and are well adapted to cold climates.",White,Black,Yes,Polar,3,snowy
11,Ruby-throated Hummingbird,Archilochus colubris,The ruby-throated hummingbird is the only species of hummingbird found in eastern North America.,Green,Red,Yes,Garden,3,ruby
12,Common Loon,Gavia immer,"Common loons are known for their haunting calls and are excellent divers, often found in northern lakes.",Black,White,Yes,Lake,4,common
13,Kookaburra,Dacelo family,"Kookaburras are large, laughing birds native to Australia known for their distinctive calls and striking plumage.",Brown,Blue,Yes,Forest,3,kookaburra
14,Bald-faced Hornet,Dolichovespula maculata,"Bald-faced hornets are large, aggressive wasps known for their black and white markings.",Black,White,No,Forest,3,bald
15,Secretary Bird,Sagittarius serpentarius,"Secretary birds are large, terrestrial birds of prey native to Africa, known for their long legs and striking appearance.",Gray,Black,Yes,Savannah,3,secretary
16,Mourning Dove,Zenaida macroura,"Mourning doves are gentle and often seen in urban areas, known for their soft cooing calls.",Gray,Brown,Yes,Urban,3,mourning
17,Golden Eagle,Aquila chrysaetos,"Golden eagles are powerful raptors found in North America, Europe, and Asia, known for their golden-brown plumage.",Brown,Yellow,Yes,Mountain,4,golden
18,Peacock,Pavo cristatus,"Peacocks are known for their iridescent and colorful plumage, and they are native to South Asia.",Blue,Green,Yes,Garden,3,peacock
19,Northern Cardinal,Cardinalis cardinalis,Northern cardinals are striking red birds often seen at bird feeders in North America.,Red,Brown,Yes,Suburban,3,northern
20,Ostrich,Struthio camelus,"Ostriches are large flightless birds native to Africa, known for their long legs and fast running speeds.",Brown,White,No,Desert,3,ostrich
21,Snowy Egret,Egretta thula,Snowy egrets are elegant wading birds with pure white plumage and distinctive yellow feet.,White,Yellow,Yes,Wetland,4,snowy
22,Albatross,Diomedeidae family,Albatrosses are seabirds known for their immense wingspans and long-distance oceanic flights.,White,Gray,Yes,Ocean,3,albatross
23,American Goldfinch,Spinus tristis,American goldfinches are small songbirds known for their bright yellow plumage.,Yellow,Black,Yes,Field,3,american
24,Great Horned Owl,Bubo virginianus,"Great horned owls are large, powerful nocturnal predators with distinctive tufted horns"" on their heads.""",Brown,White,Yes,Forest,3,great
25,Flamingo,Phoenicopteridae family,Flamingos are tall wading birds known for their pink plumage and distinctive curved bills.,Pink,Black,Yes,Wetland,3,flamingo
26,Swan,Cygnus family,Swans are graceful waterfowl known for their long necks and elegant postures.,White,Black,Yes,Lake,3,swan
