Bird_Name,Years_Before,Total_Migrated,Distance_Traveled
Swallow,1,100,50
Peregrine Falcon,2,250,120
Blue Jay,3,400,200
Swallow,4,550,300
Peregrine Falcon,5,700,400
Blue Jay,1,80,40
Swallow,2,180,100
Peregrine Falcon,3,300,160
Blue Jay,4,450,250
Swallow,5,600,350
Hummingbird,1,110,55
Cardinal,2,260,130
Eagle,3,410,210
Hummingbird,4,560,305
Cardinal,5,710,410
Swallow,1,120,60
Peregrine Falcon,2,270,130
Blue Jay,3,420,210
Swallow,4,570,310
Peregrine Falcon,5,720,420
Blue Jay,1,40,45
Swallow,2,100,110
Peregrine Falcon,3,160,170
Blue Jay,4,250,260
Swallow,5,350,360
Hummingbird,1,55,70
Cardinal,2,130,140
Eagle,3,210,220
Hummingbird,4,305,315
Cardinal,5,410,420
Swallow,1,60,80
Peregrine Falcon,2,130,150
Blue Jay,3,200,230
Swallow,4,310,325
Peregrine Falcon,5,420,430
Blue Jay,1,50,50
Swallow,2,100,140
Peregrine Falcon,3,160,220
Blue Jay,4,260,320
Swallow,5,360,430
Hummingbird,1,65,65
Cardinal,2,140,130
Eagle,3,220,190
Hummingbird,4,315,270
Cardinal,5,420,380
Swallow,1,70,85
Peregrine Falcon,2,140,160
Blue Jay,3,220,240
Swallow,4,320,330
Peregrine Falcon,5,430,440
Blue Jay,1,50,90
Swallow,2,120,170
Peregrine Falcon,3,180,260
Blue Jay,4,260,360
Swallow,5,370,470
Hummingbird,1,75,105
Cardinal,2,150,180
Eagle,3,230,270
Hummingbird,4,325,370
Cardinal,5,430,480
Swallow,1,80,100
Peregrine Falcon,2,150,190
Blue Jay,3,240,280
Swallow,4,330,380
Peregrine Falcon,5,440,490
Blue Jay,1,55,110
Swallow,2,130,200
Peregrine Falcon,3,190,290
Blue Jay,4,270,390
Swallow,5,380,500
Hummingbird,1,85,120
Cardinal,2,160,210
Eagle,3,250,300
Hummingbird,4,340,400
Cardinal,5,450,510
Swallow,1,90,
Peregrine Falcon,2,170,
Blue Jay,3,260,
Swallow,4,360,
Peregrine Falcon,5,460,
Blue Jay,1,95,
Swallow,2,180,
Peregrine Falcon,3,270,
Blue Jay,4,370,
Swallow,5,470,
Hummingbird,1,100,
Cardinal,2,190,
Eagle,3,280,
Hummingbird,4,380,
Cardinal,5,490,
Swallow,1,105,
Peregrine Falcon,2,200,
Blue Jay,3,290,
Swallow,4,390,
Peregrine Falcon,5,500,
Blue Jay,1,110,
Swallow,2,210,
Peregrine Falcon,3,300,
Blue Jay,4,400,
Swallow,5,510,
Hummingbird,1,,
Cardinal,2,,
Eagle,3,,
Hummingbird,4,,
Cardinal,5,,
Swallow,1,,
Peregrine Falcon,2,,
Blue Jay,3,,
Swallow,4,,
Peregrine Falcon,5,,
Blue Jay,1,,
Swallow,2,,
Peregrine Falcon,3,,
Blue Jay,4,,
Swallow,5,,
Hummingbird,1,,
Cardinal,2,,
Eagle,3,,
Hummingbird,4,,
Cardinal,5,,
Swallow,1,,
Peregrine Falcon,2,,
Blue Jay,3,,
Swallow,4,,
Peregrine Falcon,5,,
Blue Jay,1,,
Swallow,2,,
Peregrine Falcon,3,,
Blue Jay,4,,
Swallow,5,,
Hummingbird,1,,
Cardinal,2,,
Eagle,3,,
Hummingbird,4,,
Cardinal,5,,
,1,,
,2,,
,3,,
,4,,
,5,,
,1,,
,2,,
,3,,
,4,,
,5,,
,1,,
,2,,
,3,,
,4,,
,5,,
,1,,
,2,,
,3,,
,4,,
,5,,
,1,,
,2,,
,3,,
,4,,
,5,,
,1,,
,2,,
,3,,
,4,,
,5,,
,1,,
,2,,
,3,,
,4,,
,5,,
,1,,
,2,,
,3,,
,4,,
,5,,
,1,,
,2,,
,3,,
,4,,
,5,,
,1,,
,2,,
,3,,
,4,,
,5,,
,1,,
,2,,
,3,,
,4,,
,5,,
,1,,
,2,,
,3,,
,4,,
,5,,
,1,,
,2,,
,3,,
,4,,
,5,,
,1,,
,2,,
,3,,
,4,,
,5,,
,1,,
,2,,
,3,,
,4,,
,5,,
,1,,
,2,,
,3,,
,4,,
,5,,
,1,,
,2,,
,3,,
,4,,
,5,,
